category_type,tasks,duration_days,percentage
Decomposition,6285,31834.325,53.837587801953056
New Scope,103,1213.5,0.8823025526811719
Other,2143,9254.422916625,18.357032722288846
Administrative,3143,30644.1,26.923076923076923
